{
    "accuracy": 0.9997685185185186,
    "precision": 1.0,
    "recall": 0.9990557129367328,
    "f1_score": 0.9995276334435522,
    "confusion_matrix": [
        [
            3261,
            0
        ],
        [
            1,
            1058
        ]
    ],
    "classification_report": {
        "0": {
            "precision": 0.9996934396076027,
            "recall": 1.0,
            "f1-score": 0.9998466963053809,
            "support": 3261.0
        },
        "1": {
            "precision": 1.0,
            "recall": 0.9990557129367328,
            "f1-score": 0.9995276334435522,
            "support": 1059.0
        },
        "accuracy": 0.9997685185185186,
        "macro avg": {
            "precision": 0.9998467198038014,
            "recall": 0.9995278564683664,
            "f1-score": 0.9996871648744665,
            "support": 4320.0
        },
        "weighted avg": {
            "precision": 0.9997685894815723,
            "recall": 0.9997685185185186,
            "f1-score": 0.9997684815899466,
            "support": 4320.0
        }
    }
}