{
    "accuracy": 0.978824200913242,
    "precision": 0.8279370952821462,
    "recall": 0.8287037037037037,
    "f1_score": 0.8283202221193892,
    "confusion_matrix": [
        [
            16254,
            186
        ],
        [
            185,
            895
        ]
    ],
    "classification_report": {
        "0": {
            "precision": 0.9887462741042643,
            "recall": 0.9886861313868613,
            "f1-score": 0.9887162018309559,
            "support": 16440.0
        },
        "1": {
            "precision": 0.8279370952821462,
            "recall": 0.8287037037037037,
            "f1-score": 0.8283202221193892,
            "support": 1080.0
        },
        "accuracy": 0.978824200913242,
        "macro avg": {
            "precision": 0.9083416846932053,
            "recall": 0.9086949175452825,
            "f1-score": 0.9085182119751725,
            "support": 17520.0
        },
        "weighted avg": {
            "precision": 0.9788333795193391,
            "recall": 0.978824200913242,
            "f1-score": 0.9788287784240783,
            "support": 17520.0
        }
    }
}