{
    "mae": 0.035655625285388126,
    "mse": 0.003753150898403254,
    "rmse": 0.06126296514537355,
    "r2": 0.8527140241176998
}