{
    "mae": 0.00035256828703703817,
    "mse": 1.0206978645833248e-06,
    "rmse": 0.001010295929212488,
    "r2": 0.9998999272328524
}